<?xml version='1.0' encoding='utf-8'?>
<!--
  ~ Hibernate, Relational Persistence for Idiomatic Java
  ~
  ~ License: GNU Lesser General Public License (LGPL), version 2.1 or later.
  ~ See the lgpl.txt file in the root directory or <http://www.gnu.org/licenses/lgpl-2.1.html>.
  -->
<!DOCTYPE hibernate-configuration PUBLIC
        "-//Hibernate/Hibernate Configuration DTD 3.0//EN"
        "http://www.hibernate.org/dtd/hibernate-configuration-3.0.dtd">

<hibernate-configuration>

    <session-factory>

        <property name="connection.driver_class">com.mysql.jdbc.Driver</property>
        <property name="connection.url">jdbc:mysql://localhost:3306/bd2324_hibernate</property>
        <property name="connection.username">root</property>
        <property name="connection.password">root</property>

        <property name="dialect">org.hibernate.dialect.MySQL8Dialect</property>

        <property name="connection.pool_size">10</property>
        <property name="hibernate.current_session_context_class">thread</property>
        <property name="show_sql">false</property>

        <property name="hibernate.hbm2ddl.auto">update</property>

        <mapping class="model.Affiliation"/>
        <mapping class="model.Article"/>
        <mapping class="model.Author"/>
        <mapping class="model.Journal"/>

    </session-factory>

</hibernate-configuration>